{"cameraMode":{"drawMode":0,"name":"Shaded","section":"Shading Mode"},"sceneLighting":false,"audioPlay":false,"sceneViewState":{"m_AlwaysRefresh":false,"showFog":true,"showSkybox":false,"showFlares":true,"showImageEffects":true,"showParticleSystems":true,"showVisualEffectGraphs":true,"m_FxEnabled":true},"in2DMode":false,"pivot":{"x":-2.6863698959350588,"y":1.0717002153396607,"z":-25.09735107421875},"rotation":{"x":0.0810650959610939,"y":0.0964716374874115,"z":-0.0030363432597368957,"w":0.9921050667762756},"size":4.038873672485352,"orthographic":false}