{"cameraMode":{"drawMode":0,"name":"Shaded","section":"Shading Mode"},"sceneLighting":false,"audioPlay":false,"sceneViewState":{"m_AlwaysRefresh":false,"showFog":true,"showSkybox":false,"showFlares":true,"showImageEffects":true,"showParticleSystems":true,"showVisualEffectGraphs":true,"m_FxEnabled":true},"in2DMode":false,"pivot":{"x":-0.34915199875831606,"y":0.39891502261161806,"z":-0.404180645942688},"rotation":{"x":-0.46390464901924136,"y":0.3188873827457428,"z":-0.1835618019104004,"w":-0.8059156537055969},"size":0.8660253882408142,"orthographic":false}